,balance,income,default,label
0,1329.1988422159416,23184.01554853357,No,0
1,1639.9341105181747,12464.303042807416,Yes,1
2,1358.0692211791752,37634.346398648435,Yes,1
3,703.2777871027373,14793.74267668931,No,0
4,1782.0295285774368,38204.1226198861,Yes,1
5,1294.497346673102,10464.320731923122,No,0
6,230.23058789876725,37875.61482314304,No,0
7,1155.9400667432492,18820.794969060295,Yes,1
8,0.0,40150.217981059,No,0
9,1735.4712466641754,39163.3610556876,Yes,1
10,1302.3418351685646,33695.42623326361,No,0
11,2216.31012876376,44794.33750422871,Yes,1
12,502.898638357521,15153.965762644955,No,0
13,27.201394650576507,21051.840125970084,No,0
14,1731.5581551699854,17012.438144059146,Yes,1
15,367.46601218320114,30611.27227068968,No,0
16,1954.0570862908303,42080.106836185616,Yes,1
17,766.2343793038934,46478.2942569524,No,0
18,928.236966261476,33722.158941567664,No,0
19,110.57290981198251,47339.1087511931,No,0
20,956.1513521834503,44086.70773423138,No,0
21,162.4544510865644,13241.752060075938,No,0
22,810.320936469835,20498.66581411005,No,0
23,335.5681447331789,51258.444229962064,No,0
24,883.1669768803265,12717.492231299153,No,0
25,2164.954003221197,37366.76505077858,Yes,1
26,1765.2199633116306,38906.956406913036,Yes,1
27,817.1804065554977,12106.134700314931,No,0
28,1112.9684006330451,23810.17405003605,No,0
29,891.3178980502761,43945.04165414087,No,0
30,1672.6392483047675,46334.78776334413,No,0
31,1817.9262922727635,35067.425122686116,Yes,1
32,728.8149600612097,17909.581071592707,No,0
33,855.0085225256915,25211.33216145394,No,0
34,430.0000994499006,33925.21959767417,No,0
35,561.9257991243951,31388.50564541621,No,0
36,1823.810915192135,31318.2960261534,Yes,1
37,2159.709011428747,49604.88213053094,Yes,1
38,1263.7679688058654,13965.186044533328,Yes,1
39,2238.4261677822624,40882.49422056554,Yes,1
40,2098.9806244149263,38221.8397449546,Yes,1
41,2062.916849165721,22037.859694512106,Yes,1
42,989.6864199644284,27856.57706066958,No,0
43,0.0,30360.54894381945,No,0
44,510.6138469543215,22457.051747513786,No,0
45,1178.2444135284586,7750.2892205592125,No,0
46,927.2530750127403,27717.614996323788,Yes,1
47,1963.1413427677014,49310.33290747207,Yes,1
48,967.4826836817796,33055.110272329846,No,0
49,2263.068170876078,24067.548104057045,Yes,1
50,510.2375931563797,60397.718648694776,No,0
51,235.32849990887559,20909.70475380963,No,0
52,1530.4104144128626,30003.81715111585,Yes,1
53,1686.729295106206,13377.828841161558,Yes,1
54,910.4490235336276,44054.91642326956,No,0
55,2233.1844364379817,43016.07217994832,Yes,1
56,2071.2697790890493,41173.50399188272,Yes,1
57,107.28208304961694,54143.96274981652,No,0
58,1759.218625896138,20655.20000326244,Yes,1
59,1304.814077021306,17854.39702807307,Yes,1
60,1355.5322848799347,25398.19743942644,Yes,1
61,1690.234410387009,19052.572224695494,No,0
62,2190.047517798077,27438.3489877222,Yes,1
63,265.68394978665486,40862.75400562566,No,0
64,2282.590383648974,43817.499416519226,Yes,1
65,2113.5649371738054,49621.056171501295,Yes,1
66,2310.243527464323,42096.50236775656,Yes,1
67,1360.8004354123805,18864.308488667928,No,0
68,888.6132725502116,28899.79175136366,No,0
69,1073.549164011728,31767.138947399937,No,0
70,2112.300638457804,20030.165119409554,Yes,1
71,954.0304336886077,21908.527156243592,No,0
72,502.3247834677788,16947.422934655202,No,0
73,1439.5991819009846,16154.462280372849,Yes,1
74,1015.6148374840176,43218.794375242986,No,0
75,857.4851177765004,31688.345973891915,No,0
76,837.2626227541713,51471.77209463774,No,0
77,456.5156439906074,48195.77583707535,No,0
78,441.73828492625313,36012.23589645537,No,0
79,996.5438621607957,16995.66040494806,No,0
80,442.8302222526753,55074.13082900015,No,0
81,1149.145627178988,45194.794662078435,No,0
82,752.459945958806,16211.275788182638,No,0
83,878.0264575919464,27438.585115052003,No,0
84,1507.8896063333227,16887.40513666114,Yes,1
85,618.5275092228185,54956.99054466208,No,0
86,186.50038693149475,45430.5502710943,No,0
87,905.0381646367896,40711.798898247136,No,0
88,1229.7425714789572,48739.92739065261,No,0
89,2189.6853343479033,11878.557044670764,Yes,1
90,893.3304676122754,11905.681792548357,No,0
91,2090.2635553476234,18021.105947569005,Yes,1
92,925.738906405758,27600.416296722207,Yes,1
93,1870.3911997079556,48925.93337730858,Yes,1
94,1038.5000075215269,51173.14137637735,No,0
95,1025.0388330316234,43510.049637857555,No,0
96,1661.5196435981616,35735.455014413514,Yes,1
97,773.9152265768553,44562.33811693423,No,0
98,1868.993469247256,28321.684547443583,Yes,1
99,1259.9457632884496,37751.0173411394,Yes,1
100,639.8205582492084,29902.001986779247,No,0
101,1699.3910697009296,38785.357682985814,Yes,1
102,1505.5357748905803,15752.008006196236,Yes,1
103,352.6444140314647,39404.74436647615,No,0
104,1540.3777266777115,41852.078435823816,No,0
105,596.9641192370044,58088.360451264925,No,0
106,470.7175746528061,18052.104999098312,No,0
107,2105.1152573765185,36636.008593731334,Yes,1
108,1364.246077261791,16239.153173746245,Yes,1
109,947.193571380436,35604.11719278096,No,0
110,615.7042765604052,39376.3946187014,No,0
111,2821.5811590028193,51504.293960367315,Yes,1
112,706.1610275419855,18078.351792172925,No,0
113,1919.8523033622573,52274.860124554754,Yes,1
114,554.1078115355915,30357.025977162513,No,0
115,286.23256013922395,45042.413035885525,No,0
116,1782.0996485084286,17735.778802698424,Yes,1
117,410.497704767954,53471.21363032554,No,0
118,1934.7824175645605,20103.602739227048,Yes,1
119,919.5885304745,7491.558571827461,No,0
120,878.5420645010408,17496.741482195568,No,0
121,2276.897727534487,14947.519752398684,Yes,1
122,1419.0908035665177,56182.12993037668,Yes,1
123,1153.6049981538354,19224.975229841857,No,0
124,117.64248393177627,46550.26727059632,No,0
125,350.0887921398716,44455.19951503564,No,0
126,1678.7823546414495,26330.5117293113,Yes,1
127,2173.9417635915593,48956.17158856812,Yes,1
128,697.5638089897907,41755.3981466578,No,0
129,1795.9339197953086,48688.51208585991,Yes,1
130,2054.310506645069,19780.763518579868,Yes,1
131,0.0,32481.540046115137,No,0
132,1708.7447382545279,38014.56884501887,Yes,1
133,455.5215132063035,40907.39835376524,No,0
134,2031.6978294340522,55548.25417501712,Yes,1
135,690.800792354134,48140.47133599499,No,0
136,204.7401817145775,17534.290539274214,No,0
137,951.0729074999845,18601.533237494372,No,0
138,653.1184001233884,39489.594702861265,No,0
139,913.3116768013091,17391.779646823044,Yes,1
140,563.5426611001624,24082.039344103083,No,0
141,360.0190735843628,23927.5466133912,No,0
142,2047.1494934202667,61220.133145994645,Yes,1
143,692.1432226815817,47038.09031969413,No,0
144,1114.4032365042754,47714.0221084582,No,0
145,1629.9298263235196,12399.124737418568,Yes,1
146,1354.7525372035793,33375.13169037777,No,0
147,947.6349327408963,46813.51630809571,No,0
148,1268.3795146772682,16921.1808790391,No,0
149,1383.8113656149274,10155.323987760352,Yes,1
150,1227.5627773955555,23735.15988922815,Yes,1
151,2315.8676891374357,56202.5761963902,Yes,1
152,359.4588665375972,21783.269491335734,No,0
153,838.2756877524191,35917.49061023885,No,0
154,1582.4753121751621,18966.10957371001,Yes,1
155,717.3419269516883,44266.376540179226,No,0
156,533.2294651813738,39393.54247727477,No,0
157,2176.646771943016,53526.35641094757,Yes,1
158,1061.441562144476,54437.010317302695,No,0
159,1779.17467146115,51508.57434392713,Yes,1
160,1505.7826748288405,26557.14144588081,No,0
161,723.9319852997224,12213.037136841183,No,0
162,1700.6317699998162,23096.08436408868,Yes,1
163,371.9217847012516,41099.77244181936,No,0
164,2059.4317660547867,11770.234123692571,Yes,1
165,1720.2434779138614,36577.84620273487,Yes,1
166,2174.1633118423247,37372.758492812834,Yes,1
167,1042.8049199138914,25867.14771688444,No,0
168,196.4569131361834,41346.78591323998,No,0
169,278.87790252013656,37188.66836508462,No,0
170,1481.2986837411408,13654.60493815953,Yes,1
171,226.41769651402282,32018.713630514947,No,0
172,449.7350858368591,49643.42644166769,No,0
173,894.7227924329612,46155.04386800546,Yes,1
174,739.9017593967978,25023.873856412232,No,0
175,2037.60634479648,34362.63500799982,Yes,1
176,1920.3346821248929,43143.164490877585,Yes,1
177,1758.464590975647,43067.33373606483,Yes,1
178,1221.971242905945,17916.856089488778,No,0
179,419.6373476658685,55967.993167265275,No,0
180,1060.716219676658,50260.46436591689,No,0
181,2044.314730369476,20780.692454870037,Yes,1
182,1133.832249978067,12104.315612504242,Yes,1
183,2009.7864187268806,44607.42901907732,Yes,1
184,0.0,31825.76497192149,No,0
185,2173.649717752355,42133.3731759574,Yes,1
186,1243.3265184082825,41639.68038163342,No,0
187,0.0,34925.36541010076,No,0
188,1870.8114662094024,32129.33981891794,Yes,1
189,1607.2888681909644,50990.57716752021,Yes,1
190,1095.0727352873976,26464.631389229013,No,0
191,671.0613596391643,35689.11187391076,No,0
192,1055.956604729044,51317.8830823874,No,0
193,474.7273190882879,32064.335105797447,No,0
194,1159.435096088591,45802.104938690885,No,0
195,808.667504297266,17600.451343586858,No,0
196,2.2876109529973974,38186.52427279147,No,0
197,598.4613921235853,44124.268114643586,No,0
198,1415.8171212935104,23898.878234794855,Yes,1
199,1294.6689861410691,18108.96167072127,Yes,1
200,1101.0150179519908,32153.013592670133,No,0
201,2125.1145913877594,56228.921682357264,Yes,1
202,1896.0597123780624,36192.63022485733,Yes,1
203,1386.4360983489485,19027.50863256018,Yes,1
204,1389.9671735388333,27668.952235472963,Yes,1
205,712.2763512802746,23341.950230243223,No,0
206,1714.0851559814478,24152.264834225967,Yes,1
207,1895.7099116060751,58699.983197519716,Yes,1
208,776.3499793073663,31329.484850622466,No,0
209,504.0283787380297,24780.961236920502,No,0
210,1440.5750508795138,43764.86863764519,Yes,1
211,1920.6156758439386,31821.72558060977,Yes,1
212,0.0,49956.580571905964,No,0
213,1506.90337288745,37620.24131463238,Yes,1
214,662.3053180223242,31597.8976165624,No,0
215,2092.5797382028823,42346.8284633201,Yes,1
216,977.8480956027867,19731.960989718835,No,0
217,597.7571420170611,31577.615125567685,No,0
218,2148.349815475932,34494.17120628385,Yes,1
219,2066.32273453899,17926.723014129282,Yes,1
220,1056.9273525241056,38367.86794652642,No,0
221,1332.5226438669488,39143.13706901777,No,0
222,2006.9852060266503,46227.07454213574,Yes,1
223,1191.6688644434505,15964.209182195058,Yes,1
224,1719.616992224448,9663.7881589584,Yes,1
225,1367.6693402785168,18304.650570465798,Yes,1
226,1461.5603446412247,35805.70886093905,Yes,1
227,1761.3837950553714,17137.473723898478,Yes,1
228,872.1386795384768,41787.567268901184,No,0
229,619.7518685755929,15750.622083422251,No,0
230,2170.4453632319687,35657.22566989618,Yes,1
231,817.4693368161046,32974.42735243067,No,0
232,1271.2708123604025,36053.50295030609,No,0
233,715.1641095742788,21153.51100817156,No,0
234,529.2506047452785,35704.4939350781,No,0
235,1027.7705316920103,44406.83691434003,No,0
236,408.77291430518517,54206.9392120179,No,0
237,948.7479183886163,14297.619048551254,No,0
238,0.0,28762.923779748427,No,0
239,2387.563477252144,52568.908807149484,Yes,1
240,666.6088814343364,30438.46882662667,No,0
241,1675.2788517320678,28244.503475086764,No,0
242,1585.3282740565146,36457.223281026716,Yes,1
243,2246.1367260071634,55671.723664136975,Yes,1
244,1115.9216214760029,19282.435923747926,Yes,1
245,2085.634310231148,35145.04762138647,Yes,1
246,2370.3016920291047,42205.123047813235,Yes,1
247,1412.238721303172,40785.05976942116,No,0
248,2226.759544536233,17429.503374513683,Yes,1
249,972.2430680155153,12586.478190962342,Yes,1
250,1418.0487296707286,36548.8183522009,Yes,1
251,531.478699850065,21726.55897262401,No,0
252,2533.278409460649,21930.38887869771,Yes,1
253,1221.1726160344072,23229.90913377312,Yes,1
254,1788.1157775007105,24720.480559152445,Yes,1
255,1482.4803000631516,45260.61159778482,No,0
256,724.8852032516259,31754.523421533737,Yes,1
257,1306.4845722752016,41224.62502424323,No,0
258,73.07654218465666,30681.73753514678,No,0
259,1869.0477785691016,22248.402659564854,Yes,1
260,1560.6024984741657,15975.537196511856,Yes,1
261,89.13495795722281,55604.60753153965,No,0
262,1802.903333557395,21411.42394902492,No,0
263,2154.175830156797,20837.20944719775,Yes,1
264,1980.6995008036465,38406.35646352281,Yes,1
265,1544.140249868313,11102.534743730852,No,0
266,434.56025922612463,14812.64524037667,No,0
267,1802.3992044609201,14435.843194221414,Yes,1
268,1005.1613055557738,24038.65204331176,No,0
269,528.2543231704268,49394.340774525976,No,0
270,825.513330517201,24905.226577523485,No,0
271,1539.8245895478585,21871.462969841392,Yes,1
272,592.2538956228802,30731.201603129037,No,0
273,944.1735600177813,56088.68379950413,No,0
274,782.8830296639053,40357.13342660188,No,0
275,1346.8091557838845,14930.1783306833,Yes,1
276,1722.3558462831463,19311.42294080441,No,0
277,1397.4092062082148,35456.696051282706,Yes,1
278,0.0,47729.62575819714,No,0
279,0.0,28951.4518951572,No,0
280,1351.8497223330232,25890.50398849984,No,0
281,781.7712847630602,50958.79051357079,No,0
282,853.1613316608602,36272.45178359107,No,0
283,2010.6622068402123,35492.12822988367,Yes,1
284,1901.430468392653,41999.703338497406,Yes,1
285,1056.6108304962984,30546.60103437739,No,0
286,1200.5651376473857,39718.692656960215,No,0
287,0.0,37262.57409381712,No,0
288,1257.0552216859442,34045.00882472422,No,0
289,1771.27169872657,12181.90258431699,Yes,1
290,256.47122755981536,37657.05591679985,No,0
291,1220.1776056907022,15308.127071260658,No,0
292,1292.210868505424,23065.850975377016,No,0
293,2361.768588210591,28296.914718463482,Yes,1
294,221.69046189335518,34786.101351558114,No,0
295,1607.5235423421786,22170.687340563207,Yes,1
296,785.8664856500989,44778.01577567662,No,0
297,1693.8006720573997,47311.53042106323,Yes,1
298,1695.8229477859668,16853.329565383832,Yes,1
299,1304.914299318287,18074.07541520214,No,0
300,916.4993169230901,25768.407446721325,No,0
301,1322.2970910843565,51792.40236870883,No,0
302,1659.449455230827,27374.887515693164,Yes,1
303,600.723302967373,18680.516769028014,No,0
304,2343.472460607777,37113.883069764415,Yes,1
305,2619.061617703104,52043.569052195584,Yes,1
306,820.0171125784228,51584.6573183834,No,0
307,590.3997864987623,42769.2038801219,No,0
308,1152.9828868865661,50206.576934159144,No,0
309,1200.8473900159438,19849.8314129485,No,0
310,1643.1388026115078,19168.02997412752,Yes,1
311,703.2268907215382,57679.27914251794,No,0
312,1328.1838041190736,24688.473720933678,No,0
313,1258.5673927256744,44931.67491774615,No,0
314,485.9368641717292,61566.10611780103,No,0
315,1449.5430354353573,37595.34427410232,Yes,1
316,1292.4412585822768,25548.487409986697,Yes,1
317,2037.5389048337365,44260.15637400708,Yes,1
318,13.679382669679965,25221.63766877929,No,0
319,1685.448068581504,21849.481631309263,Yes,1
320,1228.3083503533585,37408.50386850756,No,0
321,402.48888682595236,15904.05592080874,No,0
322,454.46696221293655,15092.439307714012,No,0
323,571.293911015155,15416.269354685777,No,0
324,1539.8556302860218,18579.102470406448,Yes,1
325,1953.3702474840488,28127.89547331264,Yes,1
326,1877.0708745099028,38381.58579519978,Yes,1
327,790.5977592473703,45303.10331412611,No,0
328,1719.9003145734525,23648.413510239472,Yes,1
329,1037.9727050178162,18324.030056890475,No,0
330,1499.6692669699005,15179.74932870964,Yes,1
331,1563.186967065067,18161.244079023243,Yes,1
332,1630.0868143412615,20359.506085567093,Yes,1
333,2140.6903981682817,46076.23710995446,Yes,1
334,1165.4911381469558,47684.219449748874,No,0
335,2660.2269216309696,51095.293928816434,Yes,1
336,335.83411857617216,21759.8702696952,No,0
337,1398.1562014832557,39644.94219318956,No,0
338,1627.686596053629,22308.12574905757,Yes,1
339,1602.1483337859809,20974.034594177563,Yes,1
340,883.7026456003246,19750.0940028726,No,0
341,2408.8161054330503,52335.5505993235,Yes,1
342,978.9782004104584,57839.053734373614,No,0
343,2022.6746432422706,18336.743168449957,No,0
344,1256.2393254151332,17784.558943752218,No,0
345,2258.166101266027,44998.287437256935,Yes,1
346,1839.1436819622168,13625.397930366536,No,0
347,2073.937252836782,51578.940163248815,Yes,1
348,774.7384269639268,15193.733135524952,No,0
349,1361.4584324067198,19576.957131991923,No,0
350,479.0423789903558,37255.88033428042,No,0
351,2297.7124877132987,55573.701712372116,Yes,1
352,1290.6602688755186,44918.41231681816,Yes,1
353,165.53815169522989,33436.45573774114,No,0
354,1373.4501632892882,49101.798214189694,No,0
355,866.0284363679901,38363.42163471178,No,0
356,1208.7744475939835,11054.06843857584,Yes,1
357,431.9208853041759,39369.881563100804,No,0
358,1235.8761134541733,35838.77701535878,No,0
359,1282.9725335957778,13120.636469602681,No,0
360,864.0397435185413,45881.93020563074,No,0
361,220.55560838643973,16872.947555781422,No,0
362,2571.3834405079924,58271.39082585958,Yes,1
363,1944.5519685386066,56273.51360836382,Yes,1
364,1044.5523432847149,54696.76598162258,No,0
365,1043.614389371999,13624.545258478567,Yes,1
366,1992.318807508796,42308.95445370471,Yes,1
367,1861.2109615963413,33453.406538285984,Yes,1
368,271.5514377470097,32850.12014480788,No,0
369,1111.0865758202006,27466.893682006546,No,0
370,2053.7978880325227,47068.72460561703,Yes,1
371,1837.3067007299155,18860.84664536114,Yes,1
372,0.0,9816.789437557558,No,0
373,1552.356052385062,40371.124738895705,Yes,1
374,1692.7658445573875,17820.463328835693,Yes,1
375,1197.0284185096066,34758.12377962023,Yes,1
376,1536.5946009725167,48766.90745756152,No,0
377,1968.8794312270768,19539.14860858932,Yes,1
378,749.6080039006731,41423.941173178646,No,0
379,566.7137893516308,11853.953166818152,No,0
380,2100.2957094174626,39054.589144313846,Yes,1
381,2314.828614139826,44647.58648319213,Yes,1
382,1238.610321241124,50066.6805336538,No,0
383,1691.2525546100878,16394.50810864044,Yes,1
384,913.5871726089281,46907.225402862314,No,0
385,964.8202529853808,34390.74603505663,No,0
386,371.010127817542,15702.707083035895,No,0
387,582.1887007065551,24760.795733056395,No,0
388,1363.528599421329,55713.04160791288,No,0
389,2116.820639478252,61474.93444613182,Yes,1
390,1464.9360488269904,26716.686374682547,No,0
391,736.2389354625,14107.993965337568,No,0
392,1740.6724607532956,43930.400095567835,Yes,1
393,1707.9346646434292,30488.983410456513,Yes,1
394,1690.0989057970444,17473.183990582496,Yes,1
395,1850.834066452786,30202.846238197435,Yes,1
396,1841.6842072498514,17133.965961901376,Yes,1
397,1671.275974969941,42984.412851199435,Yes,1
398,1693.1006933348017,18077.487092750343,Yes,1
399,1504.4122149093112,13715.424378302596,Yes,1
400,311.82458686811003,48301.05966010459,No,0
401,1512.6602574012988,38881.9693488013,Yes,1
402,870.7345799257753,35539.27021583042,No,0
403,1188.6421795529354,39526.56126526457,No,0
404,1161.0578540313222,37468.529287537516,No,0
405,548.0377834424877,33605.64946865721,No,0
406,449.46662876927286,45950.66672386865,No,0
407,1259.1494178925675,31263.641081672,No,0
408,1864.2151258551237,53506.94492602869,Yes,1
409,516.0604916765751,16615.021962760668,No,0
410,398.2777330446325,30001.795060290588,No,0
411,996.427682930874,21848.442900006266,Yes,1
412,1378.541403533711,36675.606882800086,Yes,1
413,1275.550632723641,15887.468486777369,No,0
414,1284.386360506357,42831.95461939973,No,0
415,773.9218612577348,14558.91213838347,No,0
416,927.8877322636066,22473.379610953696,No,0
417,1507.935720281828,43680.065235685,Yes,1
418,1747.258881529589,37819.2890860198,No,0
419,958.1694184689882,32816.284795641535,No,0
420,1203.7353798603294,26331.37239722545,Yes,1
421,1766.559593674321,21526.350627068183,Yes,1
422,1980.1405881873777,21100.721787067825,Yes,1
423,2272.317701924781,50553.53452173277,Yes,1
424,13.516802550350913,19322.54502705241,No,0
425,95.29697412836799,32359.389028428603,No,0
426,228.9525496425724,50500.18219774414,No,0
427,368.22342572054487,57596.825843193525,No,0
428,0.0,29275.2682931678,No,0
429,1773.7551426492914,10470.635999956216,Yes,1
430,233.5168462670509,43326.10537939902,No,0
431,171.5591159598556,23505.9927713232,No,0
432,1992.0470862448306,17659.747822234338,Yes,1
433,1818.6390962776443,47916.29485605418,Yes,1
434,1287.9280264020324,15802.232883147619,Yes,1
435,1785.8289580936319,49803.29307870707,Yes,1
436,1459.6870830451578,15575.419233377981,No,0
437,1275.6104171650215,13003.92920449538,Yes,1
438,1733.1883638131492,41648.32617277195,Yes,1
439,1047.718124009614,46416.970994241936,No,0
440,1849.2727359330333,12143.474803770983,Yes,1
441,813.8766470198642,40737.45977660979,No,0
442,1047.2442488139354,43899.759245119334,No,0
443,612.3831576774428,41379.76780826063,No,0
444,966.280287968092,33440.979299777464,No,0
445,709.1233513562158,44041.6300941084,No,0
446,243.84132832575975,47193.88813097064,No,0
447,1865.299032023387,17910.634472142832,Yes,1
448,0.0,43658.22772399567,No,0
449,687.6837590148732,39373.57974624149,No,0
450,1502.2066275852962,44253.30873539258,Yes,1
451,1831.7123624115507,38203.50947495891,Yes,1
452,2037.5645937664856,48965.34696609683,Yes,1
453,850.0961165964608,18618.987907501854,No,0
454,2219.5029761028877,66466.46089091495,Yes,1
455,957.6848337701401,19676.345649172257,No,0
456,1096.8202721451462,16148.060006606365,No,0
457,1679.7567107723887,16580.45056355778,Yes,1
458,1961.1792233153574,29415.75329207105,Yes,1
459,575.382158489508,16005.681319005704,No,0
460,989.055596975304,45344.251320264746,No,0
461,904.0402590668127,16882.300605653527,No,0
462,1345.26580927868,28992.001819435543,Yes,1
463,1394.7168903951947,44437.20213852962,Yes,1
464,1223.7227429007014,21541.29879381078,Yes,1
465,773.211724534176,34353.314305003834,No,0
466,1496.0564648759052,24935.918742096157,No,0
467,758.7023275344907,36625.98955233944,No,0
468,2346.7380510715016,51508.86887506374,Yes,1
469,1890.167411475292,18402.464884595596,No,0
470,1207.532730149514,68037.57512617772,No,0
471,0.0,29507.313246921756,No,0
472,1779.1137548400839,22652.10963420041,Yes,1
473,1454.8632724840368,32189.094952317842,No,0
474,673.4681910560812,32930.069361280395,No,0
475,0.0,49525.745020849405,No,0
476,606.9746135483059,43610.03301733712,No,0
477,1427.6374344886528,35691.63736262178,Yes,1
478,812.3992965256474,49623.10098209137,No,0
479,1126.9487439212305,14298.264568672894,No,0
480,836.3000716231912,54607.178739543815,No,0
481,2191.8519425023983,21331.314781222238,Yes,1
482,1408.3696597718176,21356.937112367894,Yes,1
483,527.540184074571,17636.539617293645,No,0
484,1366.805783228705,23913.208801308298,No,0
485,1690.7731857295405,37895.17306851547,Yes,1
486,527.1940865733084,32431.118259603863,No,0
487,1151.6305660826526,42917.46956362817,No,0
488,1742.7768387649712,49054.19388831226,Yes,1
489,876.0007779067457,22474.574089823618,No,0
490,2541.4280395004225,38540.572705117935,Yes,1
491,1590.3725000275476,25639.79353870165,Yes,1
492,272.6156617155352,55449.338640640206,No,0
493,1453.0059320730254,15933.002110981919,No,0
494,862.6566564166505,42844.8340023417,No,0
495,1216.4515095543345,53639.846827384325,No,0
496,1557.3446366822816,18404.594189222036,No,0
497,1303.662589701675,7986.000335834524,No,0
498,1362.9655954038265,44217.91603522909,No,0
499,563.6181771823624,42641.253266646025,No,0
500,1119.1783034180555,45020.01912170133,No,0
501,1631.5140504173444,17962.27015933261,Yes,1
502,1667.0066494701637,30070.13526324116,Yes,1
503,1685.1464350101983,53517.35048962505,Yes,1
504,1484.3953929752354,36731.30869490294,No,0
505,1908.5989695457386,33445.61686915964,Yes,1
506,18.26128536354452,30349.460422935008,No,0
507,1615.3188766624387,37111.30890397061,Yes,1
508,71.78868300358238,31965.744714583598,No,0
509,715.4968295886695,47482.565376730476,No,0
510,1328.2115271865887,20210.27262462882,Yes,1
511,1941.782723932787,35525.213926665805,Yes,1
512,351.4534715230098,35087.48864808582,No,0
513,237.04511397747197,28251.695344963136,No,0
514,1184.4252448815325,36887.439966854974,No,0
515,2075.4583385450574,30839.180673060142,Yes,1
516,857.0690531342426,26655.68896537547,No,0
517,338.2662016470924,37767.239862892966,No,0
518,1374.728812704902,18091.943736181165,Yes,1
519,2461.7712515273906,47287.25710796238,Yes,1
520,1904.9419850790032,17893.721371831212,Yes,1
521,445.24181921630407,31974.62450689777,No,0
522,1933.922330723108,27340.01226875021,Yes,1
523,584.90489468245,22429.935046216757,No,0
524,353.7782260089735,58514.318076477146,No,0
525,1666.5711203812489,50322.35532013796,Yes,1
526,2107.0324436921933,28237.88234080054,Yes,1
527,499.45781509463615,38899.16046100955,No,0
528,1033.4684685052316,59203.96766302709,No,0
529,705.2049719862391,42683.18724328602,No,0
530,1604.4942080978253,17667.782220271267,Yes,1
531,2363.491736435295,61011.215946710225,Yes,1
532,1840.2812779234,31632.583861129828,Yes,1
533,2307.489170306853,50033.533152948075,Yes,1
534,0.0,32611.373069262485,No,0
535,1390.0307825189202,21299.099226533534,No,0
536,857.9858132862628,19651.261793643203,Yes,1
537,95.14768019040548,51371.19991475977,No,0
538,2514.0687382061565,25706.647774465542,Yes,1
539,610.2278186613985,42465.36296406835,No,0
540,0.0,33951.288725924365,No,0
541,1957.3564054489386,40119.78782939542,Yes,1
542,1716.5954182442392,51056.86828679773,No,0
543,620.3396794393711,22803.74103383964,No,0
544,1378.650988081868,32761.053404007427,Yes,1
545,1119.569353328648,16556.070205351072,No,0
546,1498.7177155589313,29525.74940121868,Yes,1
547,986.40061892638,45430.472208942316,No,0
548,1957.8400221257766,34448.693854620964,Yes,1
549,767.9035597804951,44323.579663800636,No,0
550,731.5326562544072,43956.060083972836,No,0
551,1184.9365230234434,25108.75671181296,No,0
552,624.7318835092829,38325.17375536383,No,0
553,324.7379217820321,15411.518567294279,No,0
554,1499.7246565597338,13190.652716410257,No,0
555,1416.790395545492,10591.717419429458,Yes,1
556,1630.1610578624409,18166.322652699142,Yes,1
557,2107.815624731548,41162.93365605648,Yes,1
558,289.4895756933645,44412.89510330738,No,0
559,1353.0938456950473,18933.49619497017,No,0
560,2036.7433133141064,43539.78433343784,Yes,1
561,742.6276207855974,37864.823938895184,No,0
562,1261.4871652881634,39776.998956936266,Yes,1
563,444.26490617527253,35924.338792927454,No,0
564,1760.9271606415894,39228.54142589895,Yes,1
565,1501.2736597970625,26430.489404918568,Yes,1
566,1419.7807372526786,48982.225852038035,Yes,1
567,1549.042754517424,19702.293205826,No,0
568,409.98232460876574,44641.090118395965,No,0
569,2364.9658735120693,59224.45275899548,Yes,1
570,2081.276132086748,48708.95993488809,Yes,1
571,1105.0256801281243,51656.874063774114,Yes,1
572,2328.887083161163,57242.98340698706,Yes,1
573,1847.7928901435669,44326.58483892786,Yes,1
574,1660.8431805706284,19393.482969079283,Yes,1
575,2354.553832844838,50930.91078592454,Yes,1
576,785.655882930501,38463.49587872287,No,0
577,2030.9161809120294,23836.464262400106,Yes,1
578,1405.2694734744125,19172.679450466854,Yes,1
579,990.5670261862947,41690.25262255887,No,0
580,1660.8592476582805,37524.25352719781,Yes,1
581,847.8187062530681,15978.633625650957,No,0
582,1268.4736114627005,18810.804135198152,Yes,1
583,827.7672094003244,10673.526225392208,No,0
584,1690.0681596225409,13026.046733435845,Yes,1
585,789.4950969838202,32579.900205947382,No,0
586,2342.471314941799,44520.00010264896,Yes,1
587,267.30372774401343,23117.928673378243,No,0
588,996.2760867665917,20883.240767623756,No,0
589,572.0157602305989,33046.31295750332,No,0
590,1547.451809735788,26149.14822302761,Yes,1
591,1470.6634613007413,50341.57390378839,Yes,1
592,1531.0723948737686,21024.271648429563,Yes,1
593,1217.3217121341854,25173.61960804912,No,0
594,1405.8589858029786,24126.029785681014,Yes,1
595,1287.79518693788,52382.6647043692,No,0
596,220.02856976493442,37880.029647159696,No,0
597,464.83633309580193,27324.899687072866,No,0
598,1447.5040583260775,26183.245352516242,Yes,1
599,1889.1089973827588,51704.91996861923,Yes,1
600,1441.1032778981034,17546.99701605282,Yes,1
601,480.32126391482984,25553.262851518797,No,0
602,1092.2700127724645,17454.601839530813,No,0
603,1010.5624476097363,14862.70545972982,Yes,1
604,640.6627517324736,46464.56593227619,No,0
605,1554.962890579422,14306.823602407017,Yes,1
606,578.3876216876686,41054.13866192769,No,0
607,746.2297750573914,35159.850228878786,No,0
608,1802.594626997188,13678.508032147029,Yes,1
609,1969.8719049429267,14271.49225297598,Yes,1
610,1399.5436607034203,34710.062365710684,Yes,1
611,370.3751867776664,31231.007837151417,No,0
